id,area,title,url,date
01,[陕西省本级],陕西中医药大学第二附属医院移动式C形臂X光机国际采购项目公开招标公告,http://www.ccgp-shaanxi.gov.cn:80/notice/noticeDetail.do?noticeguid=8a85be3176b8b3d20176d7059e6d6c5a,2021-01-06
02,[陕西省本级],陕西省环境科学研究院水质分析设备采购项目公开招标公告,http://www.ccgp-shaanxi.gov.cn:80/notice/noticeDetail.do?noticeguid=8a85be3476b8aace0176d5f9eb7609df,2021-01-06
03,[陕西省本级],第十四届全运会和全国第十一届残运会暨第八届特奥会证件制作及查验服务公开招标公告,http://www.ccgp-shaanxi.gov.cn:80/notice/noticeDetail.do?noticeguid=8a85be3276b8b1d30176d662f3c768e5,2021-01-06
04,[陕西省本级],陕西财经职业技术学院教学管理信息服务平台项目重新招标公开招标公告,http://www.ccgp-shaanxi.gov.cn:80/notice/noticeDetail.do?noticeguid=8a85be3476b8aace0176d1e8eaa975a3,2021-01-06
05,[陕西省本级],陕西省人民医院内窥镜手术器械控制系统国际招标,http://www.ccgp-shaanxi.gov.cn:80/notice/noticeDetail.do?noticeguid=8a85be3176978ac90176a8501bdb5004,2021-01-05
06,[陕西省本级],陕西省中医药研究院迁建项目（一期） 全过程造价咨询项目竞争性磋商公告,http://www.ccgp-shaanxi.gov.cn:80/notice/noticeDetail.do?noticeguid=8a85be3376cb65560176cd35259d1a62,2021-01-04
07,[陕西省本级],西安工业大学离子电子束共聚焦场发射扫描电子显微镜-飞行时间二次离子质谱联用系统进口设备采购项目公开招标公告,http://www.ccgp-shaanxi.gov.cn:80/notice/noticeDetail.do?noticeguid=8a85be3276b8b1d30176cc9a743f3219,2021-01-04
08,[陕西省本级],西安工业大学600M核磁共振波谱仪进口设备采购项目公开招标公告,http://www.ccgp-shaanxi.gov.cn:80/notice/noticeDetail.do?noticeguid=8a85be3276b8b1d30176cca0eb6332be,2021-01-04
09,[陕西省本级],西安工业大学气敏粉体样品表面离子注入机等设备采购项目公开招标公告,http://www.ccgp-shaanxi.gov.cn:80/notice/noticeDetail.do?noticeguid=8a85be3276b8b1d30176cca511ef3347,2021-01-04
10,[陕西省本级],西安工业大学X射线光电子能谱仪进口设备采购项目公开招标公告,http://www.ccgp-shaanxi.gov.cn:80/notice/noticeDetail.do?noticeguid=8a85be3276b8b1d30176ccade1de344d,2021-01-04
11,[陕西省本级],西安工业大学台式X射线精细结构XAFS/XES谱仪进口设备采购项目公开招标公告,http://www.ccgp-shaanxi.gov.cn:80/notice/noticeDetail.do?noticeguid=8a85be3276b8b1d30176cca912d633b5,2021-01-04
12,[陕西省本级],西安工业大学全自动比表面积及孔隙度吸附分析仪等进口设备采购项目公开招标公告,http://www.ccgp-shaanxi.gov.cn:80/notice/noticeDetail.do?noticeguid=8a85be3276b8b1d30176ccb5d47b34e4,2021-01-04
13,[陕西省本级],西安工业大学激光共聚焦拉曼光谱仪等进口设备采购项目公开招标公告,http://www.ccgp-shaanxi.gov.cn:80/notice/noticeDetail.do?noticeguid=8a85be3276b8b1d30176ccbca20b357d,2021-01-04
14,[陕西省本级],西安工业大学Zeta电位仪等进口设备采购项目公开招标公告,http://www.ccgp-shaanxi.gov.cn:80/notice/noticeDetail.do?noticeguid=8a85be3276b8b1d30176ccc3aa843600,2021-01-04
15,[陕西省本级],西安工业大学惰性气氛手套箱设备采购项目公开招标公告,http://www.ccgp-shaanxi.gov.cn:80/notice/noticeDetail.do?noticeguid=8a85be3276b8b1d30176ccc8187d3644,2021-01-04
16,[陕西省本级],西安理工大学智能制造综合实验平台项目（二次）公开招标公告,http://www.ccgp-shaanxi.gov.cn:80/notice/noticeDetail.do?noticeguid=8a85be3176b8b3d20176cc3da08e218f,2021-01-04
17,[陕西省本级],陕西省退役军人事务厅涉核退役人员体检项目（二次）公开招标公告,http://www.ccgp-shaanxi.gov.cn:80/notice/noticeDetail.do?noticeguid=8a85be3176b8b3d20176cca274af2b35,2021-01-04
18,[陕西省本级],陕西中医药大学第二附属医院超声波妇科治疗仪、盆底磁刺激仪等医疗设备采购项目公开招标公告,http://www.ccgp-shaanxi.gov.cn:80/notice/noticeDetail.do?noticeguid=8a85be3276b8b1d30176cc8fc899315b,2021-01-04
19,[陕西省本级],陕西省食品药品监督检验研究院检测设备采购项目公开招标公告,http://www.ccgp-shaanxi.gov.cn:80/notice/noticeDetail.do?noticeguid=8a85be3476b8aace0176cc5a54e02f8d,2021-01-04
20,[陕西省本级],西安理工大学生活垃圾清运服务项目（第二次）竞争性磋商公告,http://www.ccgp-shaanxi.gov.cn:80/notice/noticeDetail.do?noticeguid=8a85be3276b8b1d30176cb858e42213a,2021-01-04
21,[陕西省本级],陕西省动物研究所办公区及凤县和佛坪基地改造竞争性磋商公告,http://www.ccgp-shaanxi.gov.cn:80/notice/noticeDetail.do?noticeguid=8a85be337697881f0176b78957116add,2021-01-03
22,[陕西省本级],西安工业大学新能源科学与技术研究院改造等工程公开招标公告,http://www.ccgp-shaanxi.gov.cn:80/notice/noticeDetail.do?noticeguid=8a85be3276978a2d0176b791f6696036,2020-12-31
23,[陕西省本级],陕西工业职业技术学院美育实践基地建设项目公开招标公告,http://www.ccgp-shaanxi.gov.cn:80/notice/noticeDetail.do?noticeguid=8a85be3276b8b1d30176b8f5a4630063,2020-12-31
24,[陕西省本级],西北大学附中报告厅及会议室改造项目（二次）公开招标公告,http://www.ccgp-shaanxi.gov.cn:80/notice/noticeDetail.do?noticeguid=8a85be34769784fa0176b6f82fac0227,2020-12-31
25,[陕西省本级],西北大学教师发展中心二期建设项目公开招标公告,http://www.ccgp-shaanxi.gov.cn:80/notice/noticeDetail.do?noticeguid=8a85be337697881f0176b6878d1a598e,2020-12-31
26,[陕西省本级],西安医学院第一附属医院院内系统数据技术服务及专项医保接口技术服务项目公开招标公告,http://www.ccgp-shaanxi.gov.cn:80/notice/noticeDetail.do?noticeguid=8a85be3276978a2d0176b7bf2f3f65bd,2020-12-31
27,[陕西省本级],陕西省食品药品监督检验研究院液相色谱仪等设备采购项目公开招标公告,http://www.ccgp-shaanxi.gov.cn:80/notice/noticeDetail.do?noticeguid=8a85be34769784fa0176b337af456d12,2020-12-31
28,[陕西省本级],陕西省第二人民医院全自动五分类血球分析仪采购项目公开招标公告,http://www.ccgp-shaanxi.gov.cn:80/notice/noticeDetail.do?noticeguid=8a85be34769784fa0176b776fe39079b,2020-12-31
29,[陕西省本级],延安大学自助称量销售系统采购项目公开招标公告,http://www.ccgp-shaanxi.gov.cn:80/notice/noticeDetail.do?noticeguid=8a85be3176978ac90176b6deca38487c,2020-12-31
30,[陕西省本级],陕西财经职业技术学院南院食堂二层改造项目（二次）公开招标公告,http://www.ccgp-shaanxi.gov.cn:80/notice/noticeDetail.do?noticeguid=8a85be34769784fa0176b67878b37627,2020-12-31
31,[陕西省本级],陕西铜川工业技师学院学生公寓地基加固工程竞争性磋商公告,http://www.ccgp-shaanxi.gov.cn:80/notice/noticeDetail.do?noticeguid=8a85be34769784fa0176b6ba58497cac,2020-12-31
32,[陕西省本级],陕西省总工会机关餐厅餐饮（劳务外包）竞争性磋商公告,http://www.ccgp-shaanxi.gov.cn:80/notice/noticeDetail.do?noticeguid=8a85be3276978a2d0176b2d811923bca,2020-12-30
33,[陕西省本级],陕西工业职业技术学院材料检测中心建设项目公开招标公告,http://www.ccgp-shaanxi.gov.cn:80/notice/noticeDetail.do?noticeguid=8a85be3276978a2d0176b21a98b32675,2020-12-30
34,[陕西省本级],西北妇女儿童医院2021年通勤班车租赁服务采购公告,http://www.ccgp-shaanxi.gov.cn:80/notice/noticeDetail.do?noticeguid=8a85be3875cea91c0176b2e2198e13ea,2020-12-30
35,[陕西省本级],西北妇女儿童医院曲江院区门诊、住院等区域物业服务项目.采购公告,http://www.ccgp-shaanxi.gov.cn:80/notice/noticeDetail.do?noticeguid=8a85be3875cea91c0176b2e14ca613e9,2020-12-30
36,[陕西省本级],陕西广播电视大学护理技能大赛实训设备采购项目公开招标公告,http://www.ccgp-shaanxi.gov.cn:80/notice/noticeDetail.do?noticeguid=8a85be34769784fa0176b28aaa67565a,2020-12-30
37,[陕西省本级],陕西省人民医院住院大楼四楼ICU重症监护室 UPS、蓄电池、精密空调项目公开招标公告,http://www.ccgp-shaanxi.gov.cn:80/notice/noticeDetail.do?noticeguid=8a85be3276978a2d0176b262159f2b88,2020-12-30
38,[陕西省本级],西安理工大学2021年中文图书采购项目公开招标公告,http://www.ccgp-shaanxi.gov.cn:80/notice/noticeDetail.do?noticeguid=8a85be337697881f0176b1712f672be8,2020-12-30
39,[陕西省本级],西安邮电大学雁塔校区纬一街原成教楼装修改造项目公开招标公告,http://www.ccgp-shaanxi.gov.cn:80/notice/noticeDetail.do?noticeguid=8a85be3176978ac90176adc2535005e2,2020-12-29
40,[陕西省本级],西安石油大学理学院“可调谐激光源系统”采购项目公开招标公告,http://www.ccgp-shaanxi.gov.cn:80/notice/noticeDetail.do?noticeguid=8a85be337697881f0176ade1fce41bc7,2020-12-29
41,[陕西省本级],陕西省康复辅助器具中心假肢矫形器零部件采购项目公开招标公告,http://www.ccgp-shaanxi.gov.cn:80/notice/noticeDetail.do?noticeguid=8a85be34769784fa0176ac3dc5060896,2020-12-29
42,[陕西省本级],陕西省肿瘤医院疑难病症诊治能力提升工程（肿瘤方向）互联网线上诊疗平台项目公开招标公告,http://www.ccgp-shaanxi.gov.cn:80/notice/noticeDetail.do?noticeguid=8a85be3276978a2d0176accdc3cc797f,2020-12-29
43,[陕西省本级],陕西省科技资源统筹中心与西北工业大学共建的军民两用新材料公共检验检测服务平台采购扫描电镜及能谱分析仪项目公开招标公告,http://www.ccgp-shaanxi.gov.cn:80/notice/noticeDetail.do?noticeguid=8a85be3176978ac90176a89a5ea758fe,2020-12-29
44,[陕西省本级],陕西省科技资源统筹中心与西安交通大学共建的中国西北创新港分析测试平台采购场发射扫描电镜项目公开招标公告,http://www.ccgp-shaanxi.gov.cn:80/notice/noticeDetail.do?noticeguid=8a85be3176978ac90176a86ada64532e,2020-12-29
45,[陕西省本级],陕西省中医医院方舱式X射线电子计算机断层扫描诊断系统采购项目公开招标公告,http://www.ccgp-shaanxi.gov.cn:80/notice/noticeDetail.do?noticeguid=8a85be34769784fa0176ad45c1471bb4,2020-12-29
46,[陕西省本级],国家卫生应急队伍能力提升项目公开招标公告,http://www.ccgp-shaanxi.gov.cn:80/notice/noticeDetail.do?noticeguid=8a85be34769784fa0176a92c922f7abc,2020-12-28
47,[陕西省本级],国家紧急医学救援队信息化管理平台采购项目公开招标公告,http://www.ccgp-shaanxi.gov.cn:80/notice/noticeDetail.do?noticeguid=8a85be337697881f0176a90a971f6cec,2020-12-28
48,[陕西省本级],陕西省公共就业服务信息系统升级改造-实名制动态就业服务系统一期项目（人社云平台建设项目）公开招标公告,http://www.ccgp-shaanxi.gov.cn:80/notice/noticeDetail.do?noticeguid=8a85be34769784fa0176a7f8189b5787,2020-12-28
49,[陕西省本级],陕西省第二人民医院医疗设备采购公开招标公告,http://www.ccgp-shaanxi.gov.cn:80/notice/noticeDetail.do?noticeguid=8a85be337697881f0176a78859b2481c,2020-12-28
50,[陕西省本级],陕西省人民医院2020年计算机设备维修、信息点及耗材等采购项目竞争性磋商公告,http://www.ccgp-shaanxi.gov.cn:80/notice/noticeDetail.do?noticeguid=8a85be3276978a2d017698fc45041bb3,2020-12-25
51,[陕西省本级],欧洲投资银行贷款陕西生态造林项目环境影响报告编制服务公开招标公告,http://www.ccgp-shaanxi.gov.cn:80/notice/noticeDetail.do?noticeguid=8a85be3176978ac901769948e220214c,2020-12-25
52,[陕西省本级],西北大学半导体特性分析仪等设备采购项目公开招标公告,http://www.ccgp-shaanxi.gov.cn:80/notice/noticeDetail.do?noticeguid=8a85be34769784fa0176994262042b99,2020-12-25
53,[陕西省本级],西安工业大学大学高真空电子束蒸发镀膜机等设备采购项目公开招标公告,http://www.ccgp-shaanxi.gov.cn:80/notice/noticeDetail.do?noticeguid=8a85be337697881f017698c0025c17c6,2020-12-25
54,[陕西省本级],咸阳师范学院网络智慧教学系统购置项目竞争性磋商公告,http://www.ccgp-shaanxi.gov.cn:80/notice/noticeDetail.do?noticeguid=8a85be34769784fa01769912a4a5273a,2020-12-25
55,[陕西省本级],西安医学院2020年度纸质图书采购项目公开招标公告,http://www.ccgp-shaanxi.gov.cn:80/notice/noticeDetail.do?noticeguid=8a85be337697881f017697e05afc0a1c,2020-12-25
56,[陕西省本级],西安航空职业技术学院民用航空器维修培训基地建设项目公开招标公告,http://www.ccgp-shaanxi.gov.cn:80/notice/noticeDetail.do?noticeguid=8a85be337697881f017698e0edbd1a90,2020-12-25
57,[陕西省本级],西北大学太白校区教学九楼三层多媒体设施建设项目公开招标公告,http://www.ccgp-shaanxi.gov.cn:80/notice/noticeDetail.do?noticeguid=8a85be34769784fa017698d1e1021eca,2020-12-25
58,[陕西省本级],智慧党建管理系统竞争性磋商公告,http://www.ccgp-shaanxi.gov.cn:80/notice/noticeDetail.do?noticeguid=8a85be34769784fa017697c29f9606ad,2020-12-25
59,[陕西省本级],陕西科技大学低场核磁共振分析仪等设备采购项目公开招标公告,http://www.ccgp-shaanxi.gov.cn:80/notice/noticeDetail.do?noticeguid=8a85be33765f9dd001769408a7b51f58,2020-12-25
60,[陕西省本级],陕西省疾病预防控制中心职卫所2020年科研设备采购项目公开招标公告,http://www.ccgp-shaanxi.gov.cn:80/notice/noticeDetail.do?noticeguid=8a85be337697881f0176978a70b3004d,2020-12-25
61,[陕西省本级],陕西省食品药品监督检验研究院超高效液相串联质谱仪设备采购项目公开招标公告,http://www.ccgp-shaanxi.gov.cn:80/notice/noticeDetail.do?noticeguid=8a85be34765f9eac01769474b90f2053,2020-12-24
62,[陕西省本级],陕西省食品药品监督检验研究院电感耦合等离子体质谱仪设备采购项目公开招标公告,http://www.ccgp-shaanxi.gov.cn:80/notice/noticeDetail.do?noticeguid=8a85be34765f9eac0176947eb52f206c,2020-12-24
63,[陕西省本级],西安航空职业技术学院新材料新能源实训室项目公开招标公告,http://www.ccgp-shaanxi.gov.cn:80/notice/noticeDetail.do?noticeguid=8a85be32765f9c9b017694074e087082,2020-12-24
64,[陕西省本级],陕西科技大学设备采购项目公开招标公告,http://www.ccgp-shaanxi.gov.cn:80/notice/noticeDetail.do?noticeguid=8a85be34765f9eac017693cf191c1317,2020-12-24
65,[陕西省本级],西安医学院基础医学部“接收遗体捐献”场地装修项目（二次）公开招标公告,http://www.ccgp-shaanxi.gov.cn:80/notice/noticeDetail.do?noticeguid=8a85be31765f9a2a01768d2d9d7608e3,2020-12-24
66,[陕西省本级],西安外国语大学长安校区教室无线覆盖项目公开招标公告,http://www.ccgp-shaanxi.gov.cn:80/notice/noticeDetail.do?noticeguid=8a85be33765f9dd0017693d1b2061516,2020-12-24
67,[陕西省本级],陕西省体育局“一网两微”运维管理及舆情监测服务采购项目竞争性磋商公告,http://www.ccgp-shaanxi.gov.cn:80/notice/noticeDetail.do?noticeguid=8a85be32765f9c9b017693a7beae607e,2020-12-24
68,[陕西省本级],陕西省2020年防汛物资采购与《陕西省防汛抗旱手册》编印项目公开招标公告,http://www.ccgp-shaanxi.gov.cn:80/notice/noticeDetail.do?noticeguid=8a85be33765f9dd001768de6814b4441,2020-12-23
69,[陕西省本级],十四运会、残特奥会场馆广告规划服务商采购项目竞争性磋商公告,http://www.ccgp-shaanxi.gov.cn:80/notice/noticeDetail.do?noticeguid=8a85be34765f9eac01768edd2be0646e,2020-12-23
70,[陕西省本级],2020年度图书馆中文纸质图书定点供应商招标公开招标公告,http://www.ccgp-shaanxi.gov.cn:80/notice/noticeDetail.do?noticeguid=8a85be31765f9a2a01768d18234e0635,2020-12-23
71,[陕西省本级],咸阳师范学院维修材料供应商遴选项目竞争性磋商公告,http://www.ccgp-shaanxi.gov.cn:80/notice/noticeDetail.do?noticeguid=8a85be31765f9a2a01768d8ad3b212a1,2020-12-23
72,[陕西省本级],咸阳师范学院水电设备设施运行管理及零星维修服务外包 项目公开招标公告,http://www.ccgp-shaanxi.gov.cn:80/notice/noticeDetail.do?noticeguid=8a85be31765f9a2a01768d803e8311e0,2020-12-23
73,[陕西省本级],陕西中医药大学附属医院透析液耗材采购（二次）公开招标公告,http://www.ccgp-shaanxi.gov.cn:80/notice/noticeDetail.do?noticeguid=8a85be32765f9c9b01768d6fd90211c6,2020-12-23
74,[陕西省本级],陕西省中医医院东大楼、塔楼室外总体强电埋设项目竞争性磋商公告,http://www.ccgp-shaanxi.gov.cn:80/notice/noticeDetail.do?noticeguid=8a85be32765f9c9b01768989ff987395,2020-12-22
75,[陕西省本级],陕西省农民工工资支付监控预警平台项目公开招标公告,http://www.ccgp-shaanxi.gov.cn:80/notice/noticeDetail.do?noticeguid=8a85be34765f9eac017689797f132690,2020-12-22
76,[陕西省本级],西安工业大学在线开放课程拍摄制作服务项目公开招标公告,http://www.ccgp-shaanxi.gov.cn:80/notice/noticeDetail.do?noticeguid=8a85be34765f9eac01768951bf8f2012,2020-12-22
77,[陕西省本级],陕西省退役军人事务厅涉核退役人员体检项目公开招标公告,http://www.ccgp-shaanxi.gov.cn:80/notice/noticeDetail.do?noticeguid=8a85be34765f9eac017688bcb39a1471,2020-12-22
78,[陕西省本级],陕西省森林工业职工医院全数字高清腹腔镜系统设备采购项目（二次）公开招标公告,http://www.ccgp-shaanxi.gov.cn:80/notice/noticeDetail.do?noticeguid=8a85be31765f9a2a0176893fae9d6acf,2020-12-22
79,[陕西省本级],陕西省消防救援总队扶贫县装备器材补助项目公开招标公告,http://www.ccgp-shaanxi.gov.cn:80/notice/noticeDetail.do?noticeguid=8a85be33765f9dd00176881885247839,2020-12-22
80,[陕西省本级],陕西省中医医院2021年工会会员元旦春节慰问品采购项目公开招标公告,http://www.ccgp-shaanxi.gov.cn:80/notice/noticeDetail.do?noticeguid=8a85be34765f9eac0176880cc1e80273,2020-12-22
81,[陕西省本级],陕西广播电视大学“三秦终身学习港”平台社区教育（老年教育）课程资源采购项目竞争性磋商公告,http://www.ccgp-shaanxi.gov.cn:80/notice/noticeDetail.do?noticeguid=8a85be32765f9c9b0176846a304a38ef,2020-12-21
82,[陕西省本级],陕西广播电视大学自建“三秦终身学习港”平台社区教育课程资源（舌尖上的陕西）采购项目竞争性磋商公告,http://www.ccgp-shaanxi.gov.cn:80/notice/noticeDetail.do?noticeguid=8a85be32765f9c9b01768471f8103a92,2020-12-21
83,[陕西省本级],陕西科技大学高效液相色谱仪采购公开招标公告,http://www.ccgp-shaanxi.gov.cn:80/notice/noticeDetail.do?noticeguid=8a85be31765f9a2a0176847979c43e6c,2020-12-21
84,[陕西省本级],陕西青年职业学院含光校区青年公寓负一层餐厅改造项目（二次）竞争性磋商公告,http://www.ccgp-shaanxi.gov.cn:80/notice/noticeDetail.do?noticeguid=8a85be33765f9dd0017684605a725cd9,2020-12-21
85,[陕西省本级],西北大学活塞圆筒压机采购项目公开招标公告,http://www.ccgp-shaanxi.gov.cn:80/notice/noticeDetail.do?noticeguid=8a85be33765f9dd0017683bb212e48f1,2020-12-21
86,[陕西省本级],陕西省无线电管理委员会便携式宽带无线电监测系统采购项目公开招标公告,http://www.ccgp-shaanxi.gov.cn:80/notice/noticeDetail.do?noticeguid=8a85be32765f9c9b017682dfdd69145d,2020-12-21
87,[陕西省本级],陕西省体育运动服务保障中心第十四届全国冬运会参赛装备采购项目公开招标公告,http://www.ccgp-shaanxi.gov.cn:80/notice/noticeDetail.do?noticeguid=8a85be33765f9dd001767f16034f2484,2020-12-21
88,[陕西省本级],陕西省无线电管理委员会机房改造项目公开招标公告,http://www.ccgp-shaanxi.gov.cn:80/notice/noticeDetail.do?noticeguid=8a85be31765f9a2a01766fc494c13ce8,2020-12-21
89,[陕西省本级],陕西省无线电管理委员会固定监测站升级改造项目公开招标公告,http://www.ccgp-shaanxi.gov.cn:80/notice/noticeDetail.do?noticeguid=8a85be31765f9a2a01766faccf09398b,2020-12-21
90,[陕西省本级],陕西省森林工业职工医院皮肤科医疗设备采购项目公开招标公告,http://www.ccgp-shaanxi.gov.cn:80/notice/noticeDetail.do?noticeguid=8a85be33765f9dd001767344cd8e62a4,2020-12-21
91,[陕西省本级],陕西省森林工业职工医院服务器虚拟化及信息安全等级保护建设项目竞争性磋商公告,http://www.ccgp-shaanxi.gov.cn:80/notice/noticeDetail.do?noticeguid=8a85be31765f9a2a017674c571d46c5c,2020-12-21
92,[陕西省本级],西安建筑科技大学霍普金森50mm压杆测试系统采购项目公开招标公告,http://www.ccgp-shaanxi.gov.cn:80/notice/noticeDetail.do?noticeguid=8a85be33765f9dd001767405a2267966,2020-12-18
93,[陕西省本级],陕西省城市经济学校一楼大厅图书馆改造项目竞争性磋商公告,http://www.ccgp-shaanxi.gov.cn:80/notice/noticeDetail.do?noticeguid=8a85be34765f9eac01767557b9b02902,2020-12-18
94,[陕西省本级],西安建筑科技大学资源工程学院实验室设备采购项目公开招标公告,http://www.ccgp-shaanxi.gov.cn:80/notice/noticeDetail.do?noticeguid=8a85be33765f9dd0017674df1f100c25,2020-12-18
95,[陕西省本级],陕西省第二人民医院职工及病员2021年食堂托管项目（二次）竞争性磋商公告,http://www.ccgp-shaanxi.gov.cn:80/notice/noticeDetail.do?noticeguid=8a85be31765f9a2a017675289c247e66,2020-12-18
96,[陕西省本级],陕西省肿瘤医院病案数字化建设服务项目竞争性磋商公告,http://www.ccgp-shaanxi.gov.cn:80/notice/noticeDetail.do?noticeguid=8a85be34765f9eac017673aeeb6477a7,2020-12-18
97,[陕西省本级],陕西省肿瘤医院疑难病症诊治能力提升工程（肿瘤方向）肿瘤医疗智能辅助系统采购项目公开招标公告,http://www.ccgp-shaanxi.gov.cn:80/notice/noticeDetail.do?noticeguid=8a85be32765f9c9b017673ef99be66bb,2020-12-18
98,[陕西省本级],西北大学附属中学理化生数字化创新实验室建设项目公开招标公告,http://www.ccgp-shaanxi.gov.cn:80/notice/noticeDetail.do?noticeguid=8a85be32765f9c9b017674de4e727a0f,2020-12-18
99,[陕西省本级],西北大学唐仲英分析技术实验室建设项目（二次）公开招标公告,http://www.ccgp-shaanxi.gov.cn:80/notice/noticeDetail.do?noticeguid=8a85be32765f9c9b017674e6dded7b19,2020-12-18
100,[陕西省本级],西北大学平行生物反应器等设备采购项目公开招标公告,http://www.ccgp-shaanxi.gov.cn:80/notice/noticeDetail.do?noticeguid=8a85be32765f9c9b017674d0094477c2,2020-12-18
101,[陕西省本级],西安理工大学校医院药品、试剂、耗材采购项目第三标段（二次）公开招标公告,http://www.ccgp-shaanxi.gov.cn:80/notice/noticeDetail.do?noticeguid=8a85be33765f9dd001766f79af7a48a5,2020-12-18
102,[陕西省本级],西北政法大学教职工通勤车辆租赁项目公开招标公告,http://www.ccgp-shaanxi.gov.cn:80/notice/noticeDetail.do?noticeguid=8a85be33765f9dd00176748c3d99017a,2020-12-18
103,[陕西省本级],西安建筑科技大学草堂校区校园无线网二期建设项目竞争性磋商公告,http://www.ccgp-shaanxi.gov.cn:80/notice/noticeDetail.do?noticeguid=8a85be33765f9dd0017673c1ac3e6fec,2020-12-18
104,[陕西省本级],陕西警官职业学院秦都校区工程全过程跟踪审计及财务竣工决算审计服务采购项目公开招标公告,http://www.ccgp-shaanxi.gov.cn:80/notice/noticeDetail.do?noticeguid=8a85be31765f9a2a01766ed7c08e2b51,2020-12-18
105,[陕西省本级],西安理工大学生活垃圾清运服务项目竞争性磋商公告,http://www.ccgp-shaanxi.gov.cn:80/notice/noticeDetail.do?noticeguid=8a85be33765f9dd0017673ba1ea46e7c,2020-12-18
106,[陕西省本级],陕西省无线电管理委员会移动式宽带监测测向系统采购项目（三期）公开招标公告,http://www.ccgp-shaanxi.gov.cn:80/notice/noticeDetail.do?noticeguid=8a85be31765f9a2a01766ad3f4f30e35,2020-12-17
107,[陕西省本级],陕西省无线电管理委员会便携式5G NR监测及干扰查找系统采购项目公开招标公告,http://www.ccgp-shaanxi.gov.cn:80/notice/noticeDetail.do?noticeguid=8a85be31765f9a2a01766acd62890d78,2020-12-17
108,[陕西省本级],陕西省妇女儿童活动中心更换供电设备及地下管网渗漏项目采购公告,http://www.ccgp-shaanxi.gov.cn:80/notice/noticeDetail.do?noticeguid=8a85be3875cea91c01766fc4aa770af3,2020-12-17
109,[陕西省本级],西安外国语大学长安校区教学区物业服务（二次）公开招标公告,http://www.ccgp-shaanxi.gov.cn:80/notice/noticeDetail.do?noticeguid=8a85be32765f9c9b01766f90a3453955,2020-12-17
110,[陕西省本级],陕西省第四人民医院2020年物理治疗康复及生命支持等设备采购项目（第1包）（二次）公开招标公告,http://www.ccgp-shaanxi.gov.cn:80/notice/noticeDetail.do?noticeguid=8a85be34765f9eac01766e0255982ed5,2020-12-17
111,[陕西省本级],西北政法大学研究生综合管理信息系统建设项目竞争性磋商公告,http://www.ccgp-shaanxi.gov.cn:80/notice/noticeDetail.do?noticeguid=8a85be33765f9dd001766a8281491463,2020-12-16
112,[陕西省本级],陕西省人民医院基于重症医学的精准输血管理系统项目公开招标公告,http://www.ccgp-shaanxi.gov.cn:80/notice/noticeDetail.do?noticeguid=8a85be33765f9dd0017666443fcc6625,2020-12-16
113,[陕西省本级],陕西省人民医院基于重症的数字化介入诊疗中心工作系统项目公开招标公告,http://www.ccgp-shaanxi.gov.cn:80/notice/noticeDetail.do?noticeguid=8a85be33765f9dd00176663a77d365e1,2020-12-16
114,[陕西省本级],陕西省公安厅全省公安机关智慧法制综合管理应用平台项目公开招标公告,http://www.ccgp-shaanxi.gov.cn:80/notice/noticeDetail.do?noticeguid=8a85be31765f9a2a01766aebe21f109f,2020-12-16
115,[陕西省本级],陕西省康复医院彩色多普勒超声诊断仪采购项目公开招标公告,http://www.ccgp-shaanxi.gov.cn:80/notice/noticeDetail.do?noticeguid=8a85be33765f9dd001766a3a6aa90b64,2020-12-16
116,[陕西省本级],陕西省康复医院全自动生化分析仪采购项目公开招标公告,http://www.ccgp-shaanxi.gov.cn:80/notice/noticeDetail.do?noticeguid=8a85be33765f9dd001766a42faa20c72,2020-12-16
117,[陕西省本级],陕西省康复医院运动心肺功能测试系统及智能呼吸康复评估系统采购项目公开招标公告,http://www.ccgp-shaanxi.gov.cn:80/notice/noticeDetail.do?noticeguid=8a85be33765f9dd001766a4cb9240dca,2020-12-16
118,[陕西省本级],西安石油大学三维可视化地学建模实验室设备采购（二次）公开招标公告,http://www.ccgp-shaanxi.gov.cn:80/notice/noticeDetail.do?noticeguid=8a85be31765f9a2a017666344d595a94,2020-12-16
119,[陕西省本级],西安科技大学互联网集成服务项目竞争性磋商公告,http://www.ccgp-shaanxi.gov.cn:80/notice/noticeDetail.do?noticeguid=8a85be33765f9dd001766a1962c20855,2020-12-16
120,[陕西省本级],陕西省疾病预防控制中心科研用试剂耗材采购项目公开招标公告,http://www.ccgp-shaanxi.gov.cn:80/notice/noticeDetail.do?noticeguid=8a85be31765f9a2a0176696e9bf76b17,2020-12-16
121,[陕西省本级],西安音乐学院演奏乐器采购项目竞争性谈判公告,http://www.ccgp-shaanxi.gov.cn:80/notice/noticeDetail.do?noticeguid=8a85be33765f9dd0017666229b096549,2020-12-15
122,[陕西省本级],企业技术中心评价管理系统开发服务项目竞争性磋商公告,http://www.ccgp-shaanxi.gov.cn:80/notice/noticeDetail.do?noticeguid=8a85be34765f9eac0176658288bb5b9b,2020-12-15
123,[陕西省本级],陕西省康复医院 医疗设备采购项目公开招标公告,http://www.ccgp-shaanxi.gov.cn:80/notice/noticeDetail.do?noticeguid=8a85be33765f9dd001766544c17e5037,2020-12-15
124,[陕西省本级],陕西省康复医院胃肠镜医疗设备采购项目公开招标公告,http://www.ccgp-shaanxi.gov.cn:80/notice/noticeDetail.do?noticeguid=8a85be34765f9eac0176655ca90c55c1,2020-12-15
125,[陕西省本级],陕西省西安幼儿园3号楼教室及公共卫生间改造项目竞争性磋商公告,http://www.ccgp-shaanxi.gov.cn:80/notice/noticeDetail.do?noticeguid=8a85be32765f9c9b0176652fb3264092,2020-12-15
126,[陕西省本级],陕西省人民医院CT室耗材采购项目公开招标公告,http://www.ccgp-shaanxi.gov.cn:80/notice/noticeDetail.do?noticeguid=8a85be31765f9a2a01766481106b3602,2020-12-15
127,[陕西省本级],陕西省人民医院康复大厅建设项目竞争性磋商公告,http://www.ccgp-shaanxi.gov.cn:80/notice/noticeDetail.do?noticeguid=8a85be33765f9dd0017660417c121262,2020-12-14
128,[陕西省本级],陕西省体育场地统计核查（2020年度）项目竞争性磋商公告,http://www.ccgp-shaanxi.gov.cn:80/notice/noticeDetail.do?noticeguid=8a85be34765f9eac0176607f309418d9,2020-12-14
129,[陕西省本级],西北大学数据库采购项目公开招标公告,http://www.ccgp-shaanxi.gov.cn:80/notice/noticeDetail.do?noticeguid=8a85be32765f9c9b0176607804921682,2020-12-14
130,[陕西省本级],陕西省政协协同办公系统建设采购项目竞争性磋商公告,http://www.ccgp-shaanxi.gov.cn:80/notice/noticeDetail.do?noticeguid=8a85be32765f9c9b017660553bc61190,2020-12-14
131,[陕西省本级],西安医学院基础医学部“接收遗体捐献”场地装修项目公开招标公告,http://www.ccgp-shaanxi.gov.cn:80/notice/noticeDetail.do?noticeguid=8a85be33765f9dd00176603453de1042,2020-12-14
132,[陕西省本级],陕西省疾病预防控制中心病毒所新型冠状病毒疫情试剂耗材采购项目公开招标公告,http://www.ccgp-shaanxi.gov.cn:80/notice/noticeDetail.do?noticeguid=8a85be3275d5d5c2017650aa3fac0f5f,2020-12-14
133,[陕西省本级],西安医学院商户水电联网信息化升级改造项目竞争性磋商公告,http://www.ccgp-shaanxi.gov.cn:80/notice/noticeDetail.do?noticeguid=8a85be31765c848701765f2d3d2d116c,2020-12-14
134,[陕西省本级],陕西省高级人民法院执法执勤用车采购项目（A包）（二次）公开招标公告,http://www.ccgp-shaanxi.gov.cn:80/notice/noticeDetail.do?noticeguid=8a85be32765c822401765f3b0dd41650,2020-12-14
135,[陕西省本级],西安理工大学2021年外文原版期刊、外文文摘索引数据库及IEL数据库采购项目（二次）公开招标公告,http://www.ccgp-shaanxi.gov.cn:80/notice/noticeDetail.do?noticeguid=8a85be3175d5d4b4017651099d550f1b,2020-12-14
136,[陕西省本级],陕西省地质调查实验中心2020年度设备采购项目公开招标公告,http://www.ccgp-shaanxi.gov.cn:80/notice/noticeDetail.do?noticeguid=8a85be3375d5d5890176511f8c957961,2020-12-11
137,[陕西省本级],陕西省人民医院医用气体采购项目(三次)竞争性磋商公告,http://www.ccgp-shaanxi.gov.cn:80/notice/noticeDetail.do?noticeguid=8a85be3375d5d589017650b8e09b6d72,2020-12-11
138,[陕西省本级],西安外国语大学生活垃圾分类投放棚采购项目竞争性磋商公告,http://www.ccgp-shaanxi.gov.cn:80/notice/noticeDetail.do?noticeguid=8a85be3375d5d5890176505a214463cb,2020-12-11
139,[陕西省本级],陕西省高层次人才网上服务平台（信息网络平台开发）竞争性磋商公告,http://www.ccgp-shaanxi.gov.cn:80/notice/noticeDetail.do?noticeguid=8a85be3475d5d52d017650f41be733f3,2020-12-11
140,[陕西省本级],西安医学院实验动物中心独立换气系统（IVC）采购项目竞争性磋商公告,http://www.ccgp-shaanxi.gov.cn:80/notice/noticeDetail.do?noticeguid=8a85be3375d5d58901765005f2aa61e0,2020-12-11
141,[陕西省本级],省级工会职工书屋图书采购询价公告,http://www.ccgp-shaanxi.gov.cn:80/notice/noticeDetail.do?noticeguid=8a85be3175d5d4b4017650e676ee0732,2020-12-11
142,[陕西省本级],陕西省疾病预防控制中心职业病防治设备采购项目公开招标公告,http://www.ccgp-shaanxi.gov.cn:80/notice/noticeDetail.do?noticeguid=8a85be3475d5d52d017650c698622c8f,2020-12-11
143,[陕西省本级],2020年陕西省职业技能大赛赛项（工种）赛题解析课件制作项目竞争性磋商公告,http://www.ccgp-shaanxi.gov.cn:80/notice/noticeDetail.do?noticeguid=8a85be3175d5d4b4017650ae22547e64,2020-12-11
144,[陕西省本级],陕西省食品经营电子许可证系统建设项目竞争性磋商公告,http://www.ccgp-shaanxi.gov.cn:80/notice/noticeDetail.do?noticeguid=8a85be3375d5d58901764f83a7035488,2020-12-11
145,[陕西省本级],2020年西安音乐学院信息化微服务建设竞争性磋商公告,http://www.ccgp-shaanxi.gov.cn:80/notice/noticeDetail.do?noticeguid=8a85be3275d5d5c201764854c10138c5,2020-12-10
146,[陕西省本级],西安理工大学智能制造综合实验平台项目公开招标公告,http://www.ccgp-shaanxi.gov.cn:80/notice/noticeDetail.do?noticeguid=8a85be3275d5d5c201764bf30c8364a1,2020-12-10
147,[陕西省本级],陕西省森林工业职工医院放射影像信息处理系统及医疗设备采购项目公开招标公告,http://www.ccgp-shaanxi.gov.cn:80/notice/noticeDetail.do?noticeguid=8a85be3175d5d4b401764b9a62034eea,2020-12-10
148,[陕西省本级],陕西理工大学艺术学院音乐学、舞蹈编导舞台实践专业建设项目（二次）公开招标公告,http://www.ccgp-shaanxi.gov.cn:80/notice/noticeDetail.do?noticeguid=8a85be3275d5d5c201764bf27747648a,2020-12-10
149,[陕西省本级],西北妇女儿童医院手术器械采购项目公开招标公告,http://www.ccgp-shaanxi.gov.cn:80/notice/noticeDetail.do?noticeguid=8a85be3375d5d58901764b541b75262e,2020-12-10
150,[陕西省本级],陕西省肿瘤医院电力增容改造项目公开招标公告,http://www.ccgp-shaanxi.gov.cn:80/notice/noticeDetail.do?noticeguid=8a85be3175d5d4b401764b841d554be1,2020-12-10
151,[陕西省本级],陕西省自强中等专业学校教职工办公笔记本电脑采购（二次）竞争性谈判公告,http://www.ccgp-shaanxi.gov.cn:80/notice/noticeDetail.do?noticeguid=8a85be3275d5d5c201764aa505f24b5a,2020-12-10
152,[陕西省本级],西北政法大学图书馆2021-2022年度中文图书采购项目公开招标公告,http://www.ccgp-shaanxi.gov.cn:80/notice/noticeDetail.do?noticeguid=8a85be3375d5d58901764a67538b1416,2020-12-10
153,[陕西省本级],陕西省省级单位资产评估定点服务供应商公开征集公开招标公告,http://www.ccgp-shaanxi.gov.cn:80/notice/noticeDetail.do?noticeguid=8a85be3275d5d5c201761c52cf7c30ae,2020-12-10
154,[陕西省本级],西安科技大学学科建设监测平台采购公开招标公告,http://www.ccgp-shaanxi.gov.cn:80/notice/noticeDetail.do?noticeguid=8a85be3275d5d5c201764a4b9b6b40cc,2020-12-10
155,[陕西省本级],当代陕西融媒体中心设备采购项目公开招标公告,http://www.ccgp-shaanxi.gov.cn:80/notice/noticeDetail.do?noticeguid=8a85be3175d5d4b4017644ee980d6dd9,2020-12-09
156,[陕西省本级],西安美术学院2020图书采购C包中版社科类图书文献项目公开招标公告,http://www.ccgp-shaanxi.gov.cn:80/notice/noticeDetail.do?noticeguid=8a85be3275d5d5c2017646ce9288310c,2020-12-09
157,[陕西省本级],西安美术学院2020图书采购B包中版美术图书文献项目公开招标公告,http://www.ccgp-shaanxi.gov.cn:80/notice/noticeDetail.do?noticeguid=8a85be3275d5d5c2017646bfc9df2e73,2020-12-09
158,[陕西省本级],西安美术学院2020图书采购A包外版美术图书文献项目公开招标公告,http://www.ccgp-shaanxi.gov.cn:80/notice/noticeDetail.do?noticeguid=8a85be3275d5d5c2017646b62bf12d1c,2020-12-09
159,[陕西省本级],陕西省疾病预防控制中心预防接种证印制项目竞争性磋商公告,http://www.ccgp-shaanxi.gov.cn:80/notice/noticeDetail.do?noticeguid=8a85be3275d5d5c2017646ce088c30f0,2020-12-09
160,[陕西省本级],陕西铜川工业技师学院新学员餐厅装饰工程竞争性磋商公告,http://www.ccgp-shaanxi.gov.cn:80/notice/noticeDetail.do?noticeguid=8a85be3375d5d5890176463c93d3661d,2020-12-09
161,[陕西省本级],西安建筑科技大学高原极端条件建筑综合环境参数调控测试系统采购项目竞争性磋商公告,http://www.ccgp-shaanxi.gov.cn:80/notice/noticeDetail.do?noticeguid=8a85be3275d5d5c20176452f2bf60a27,2020-12-09
162,[陕西省本级],西北政法大学网络安全加固整改项目公开招标公告,http://www.ccgp-shaanxi.gov.cn:80/notice/noticeDetail.do?noticeguid=8a85be3175d5d4b401764672cfce1887,2020-12-09
163,[陕西省本级],陕西省新周强制隔离戒毒所职工食堂改造竞争性磋商公告,http://www.ccgp-shaanxi.gov.cn:80/notice/noticeDetail.do?noticeguid=8a85be3375d5d5890176451387e04a0e,2020-12-09
164,[陕西省本级],陕西省卫生健康委员会院前医疗急救服务能力提升项目公开招标公告,http://www.ccgp-shaanxi.gov.cn:80/notice/noticeDetail.do?noticeguid=8a85be3475d5d52d017646aea0013a28,2020-12-09
165,[陕西省本级],陕西中医药大学附属医院中医药循证临床科研信息化管理系统公开招标公告,http://www.ccgp-shaanxi.gov.cn:80/notice/noticeDetail.do?noticeguid=8a85be3375d5d58901764694fa867510,2020-12-09
166,[陕西省本级],陕西省人民医院2020年第五批医疗设备采购项目国际招标公告公开招标公告,http://www.ccgp-shaanxi.gov.cn:80/notice/noticeDetail.do?noticeguid=8a85be3275d5d5c20176424c892e0178,2020-12-09
167,[陕西省本级],陕西省消防救援总队2020年自然灾害救援装备采购项目公开招标公告,http://www.ccgp-shaanxi.gov.cn:80/notice/noticeDetail.do?noticeguid=8a85be3375d5d5890176415f31b72c60,2020-12-08
168,[陕西省本级],陕西中医药大学第二附属医院经颅磁刺激仪采购项目公开招标公告,http://www.ccgp-shaanxi.gov.cn:80/notice/noticeDetail.do?noticeguid=8a85be3175d5d4b40176413c64ac57a7,2020-12-08
169,[陕西省本级],秦岭生态环境保护监管能力提升建设设备培训项目竞争性磋商公告,http://www.ccgp-shaanxi.gov.cn:80/notice/noticeDetail.do?noticeguid=8a85be3175d5d4b40176417e51dd5f9c,2020-12-08
170,[陕西省本级],西北大学冷封式高压釜采购项目公开招标公告,http://www.ccgp-shaanxi.gov.cn:80/notice/noticeDetail.do?noticeguid=8a85be3275d5d5c2017641966abb7753,2020-12-08
171,[陕西省本级],深度贫困县辅助器具适配项目公开招标公告,http://www.ccgp-shaanxi.gov.cn:80/notice/noticeDetail.do?noticeguid=8a85be3175d5d4b40176417a92595ee5,2020-12-08
172,[陕西省本级],秦岭生态环境监管与修复治理示范项目-服务采购竞争性磋商公告,http://www.ccgp-shaanxi.gov.cn:80/notice/noticeDetail.do?noticeguid=8a85be3375d5d58901763ff4466d04e3,2020-12-08
173,[陕西省本级],秦岭生态环境监管与修复治理示范项目-货物采购公开招标公告,http://www.ccgp-shaanxi.gov.cn:80/notice/noticeDetail.do?noticeguid=8a85be3375d5d5890176400d58ba08a8,2020-12-08
174,[陕西省本级],西安财经大学雁塔校区培训楼家具购置项目公开招标公告,http://www.ccgp-shaanxi.gov.cn:80/notice/noticeDetail.do?noticeguid=8a85be3475d5d52d0176415104946a8b,2020-12-08
175,[陕西省本级],陕西省教育信息系统运维服务项目（二次）竞争性磋商公告,http://www.ccgp-shaanxi.gov.cn:80/notice/noticeDetail.do?noticeguid=8a85be3175d5d4b401764166977a5c73,2020-12-08
176,[陕西省本级],“西藏文物珍品展”展览制作项目（二次）竞争性磋商公告,http://www.ccgp-shaanxi.gov.cn:80/notice/noticeDetail.do?noticeguid=8a85be3475d5d52d017641371789671f,2020-12-08
177,[陕西省本级],陕西省建筑行业劳动保障费用统筹综合管理平台运行维护项目竞争性磋商公告,http://www.ccgp-shaanxi.gov.cn:80/notice/noticeDetail.do?noticeguid=8a85be3475d5d52d01763ad8329207ee,2020-12-08
178,[陕西省本级],陕西省延安强制隔离戒毒所人员2021年度生活物资采购项目竞争性谈判公告,http://www.ccgp-shaanxi.gov.cn:80/notice/noticeDetail.do?noticeguid=8a85be3275d5d5c2017640830afd609f,2020-12-08
179,[陕西省本级],西安理工大学曲江校区班车运营服务竞争性磋商公告,http://www.ccgp-shaanxi.gov.cn:80/notice/noticeDetail.do?noticeguid=8a85be3175d5d4b401764023e9954594,2020-12-08
180,[陕西省本级],陕西省医疗保障经办服务中心医疗保障基金监管服务采购项目竞争性磋商公告,http://www.ccgp-shaanxi.gov.cn:80/notice/noticeDetail.do?noticeguid=8a85be3375d5d58901763b6199d95853,2020-12-08
181,[陕西省本级],陕西宣传网新增功能开发项目竞争性磋商公告,http://www.ccgp-shaanxi.gov.cn:80/notice/noticeDetail.do?noticeguid=8a85be3375d5d58901763bf9e8bd6085,2020-12-07
182,[陕西省本级],陕西省公安厅利用专项经费采购实验室仪器设备项目公开招标公告,http://www.ccgp-shaanxi.gov.cn:80/notice/noticeDetail.do?noticeguid=8a85be3375d5d58901763c6deb9f6f71,2020-12-07
183,[陕西省本级],陕西省第二人民医院职工及病员2021年食堂托管项目竞争性磋商公告,http://www.ccgp-shaanxi.gov.cn:80/notice/noticeDetail.do?noticeguid=8a85be3475d5d52d0175f81e83ae72c9,2020-12-07
184,[陕西省本级],陕西省省级机关房屋管理中心饮马池4号院加装电梯工程招标采购项目公开招标公告,http://www.ccgp-shaanxi.gov.cn:80/notice/noticeDetail.do?noticeguid=8a85be3375d5d58901763c1a755863c1,2020-12-07
185,[陕西省本级],陕西青年职业学院含光校区青年公寓负一层餐厅改造项目竞争性磋商公告,http://www.ccgp-shaanxi.gov.cn:80/notice/noticeDetail.do?noticeguid=8a85be3275d5d5c201763b38cc7621a3,2020-12-07
186,[陕西省本级],秦岭卫星遥感综合监测基础平台搭建、应用系统开发项目监理竞争性磋商公告,http://www.ccgp-shaanxi.gov.cn:80/notice/noticeDetail.do?noticeguid=8a85be3275d5d5c201762ce4ba0b7563,2020-12-06
187,[陕西省本级],秦岭卫星遥感综合监测服务平台应用系统开发项目竞争性磋商公告,http://www.ccgp-shaanxi.gov.cn:80/notice/noticeDetail.do?noticeguid=8a85be3275d5d5c201762cd6060373c5,2020-12-06
188,[陕西省本级],陕西体彩网改建、陕西体彩APP开发及运维项目公开招标公告,http://www.ccgp-shaanxi.gov.cn:80/notice/noticeDetail.do?noticeguid=8a85be3175d5d4b4017621844fbb015c,2020-12-04
189,[陕西省本级],陕西省体育彩票管理中心体育彩票电子奖池公告牌采购项目公开招标公告,http://www.ccgp-shaanxi.gov.cn:80/notice/noticeDetail.do?noticeguid=8a85be3175d5d4b401762ccfc31b6ec9,2020-12-04
190,[陕西省本级],陕西省公安厅机场公安局4G执法记录仪采购项目(二次)竞争性磋商公告,http://www.ccgp-shaanxi.gov.cn:80/notice/noticeDetail.do?noticeguid=8a85be3275d5d5c201762da8048f028c,2020-12-04
191,[陕西省本级],长安区风雷仪表厂放射性污染场所退役治理项目公开招标公告,http://www.ccgp-shaanxi.gov.cn:80/notice/noticeDetail.do?noticeguid=8a85be3275d5d5c201762d41fdd97efd,2020-12-04
192,[陕西省本级],陕西省市场监管局机关综合办公楼维修改造项目公开招标公告,http://www.ccgp-shaanxi.gov.cn:80/notice/noticeDetail.do?noticeguid=8a85be3375d5d58901762cf622bb2808,2020-12-04
193,[陕西省本级],大院网络智能化管理服务公开招标公告,http://www.ccgp-shaanxi.gov.cn:80/notice/noticeDetail.do?noticeguid=8a85be3175d5d4b4017627403c643357,2020-12-04
194,[陕西省本级],陕西省环境调查评估中心土壤污染治理与修复效果综合评估单位入围项目竞争性磋商公告,http://www.ccgp-shaanxi.gov.cn:80/notice/noticeDetail.do?noticeguid=8a85be3375d5d58901762c5b70011235,2020-12-04
195,[陕西省本级],陕西省生态环境厅中省环保专项资金绩效评价及内控制度审核项目竞争性磋商公告,http://www.ccgp-shaanxi.gov.cn:80/notice/noticeDetail.do?noticeguid=8a85be3275d5d5c201762cbda3716f3c,2020-12-04
196,[陕西省本级],陕西省环境调查评估中心2020年排污许可技术服务项目竞争性磋商公告,http://www.ccgp-shaanxi.gov.cn:80/notice/noticeDetail.do?noticeguid=8a85be3475d5d52d01762b7b8509469f,2020-12-04
197,[陕西省本级],陕西财经职业技术学院南院食堂二层改造项目公开招标公告,http://www.ccgp-shaanxi.gov.cn:80/notice/noticeDetail.do?noticeguid=8a85be3475d5d52d01762ca47aa95d67,2020-12-04
198,[陕西省本级],杨凌职业技术学院图书馆2021年纸质图书及期刊（馆藏）采购项目公开招标公告,http://www.ccgp-shaanxi.gov.cn:80/notice/noticeDetail.do?noticeguid=8a85be3375d5d58901762b6e1009007f,2020-12-04
199,[陕西省本级],陕西财经职业技术学院大数据与人工智能学院实训室建设项目公开招标公告,http://www.ccgp-shaanxi.gov.cn:80/notice/noticeDetail.do?noticeguid=8a85be3375d5d58901762c80f17715f9,2020-12-04
200,[陕西省本级],陕西财经职业技术学院教学管理信息服务平台项目公开招标公告,http://www.ccgp-shaanxi.gov.cn:80/notice/noticeDetail.do?noticeguid=8a85be3375d5d58901762c6881ef1375,2020-12-04
201,[陕西省本级],陕西省人民医院A栋楼建设项目拆除相关房屋工程竞争性磋商公告,http://www.ccgp-shaanxi.gov.cn:80/notice/noticeDetail.do?noticeguid=8a85be3375d5d58901762bc6cd2b0b20,2020-12-04
202,[陕西省本级],陕西省电子信息学校3D打印实训室设备采购项目公开招标公告,http://www.ccgp-shaanxi.gov.cn:80/notice/noticeDetail.do?noticeguid=8a85be3275d5d5c20176283d847b48ec,2020-12-03
203,[陕西省本级],陕西省无线电管理委员会区县监测能力提升小型站建设项目公开招标公告,http://www.ccgp-shaanxi.gov.cn:80/notice/noticeDetail.do?noticeguid=8a85be3375d5d589017626c79fd75386,2020-12-03
204,[陕西省本级],西安医学院院士工作站实验室建设项目（第二次）公开招标公告,http://www.ccgp-shaanxi.gov.cn:80/notice/noticeDetail.do?noticeguid=8a85be3375d5d5890176269db9af4eb0,2020-12-03
205,[陕西省本级],陕西省结核病防治院3#楼维修改造工程公开招标公告,http://www.ccgp-shaanxi.gov.cn:80/notice/noticeDetail.do?noticeguid=8a85be3375d5d589017625fdaf7e3c91,2020-12-03
206,[陕西省本级],陕西省消防救援总队立体车库采购项目公开招标公告,http://www.ccgp-shaanxi.gov.cn:80/notice/noticeDetail.do?noticeguid=8a85be3375d5d589017622ba840730e8,2020-12-02
207,[陕西省本级],延安大学附属医院网络智慧医疗（云端桌面）建设项目竞争性磋商公告,http://www.ccgp-shaanxi.gov.cn:80/notice/noticeDetail.do?noticeguid=8a85be3475d5d52d017622530da8740c,2020-12-02
208,[陕西省本级],陕西省公安厅刑侦局电子物证实验室装备采购项目公开招标公告,http://www.ccgp-shaanxi.gov.cn:80/notice/noticeDetail.do?noticeguid=8a85be3175d5d4b401761750bb241bdf,2020-12-02
209,[陕西省本级],陕西省中医药研究院气相色谱仪、化学发光凝胶成像仪等设备采购项目二次公开招标公告,http://www.ccgp-shaanxi.gov.cn:80/notice/noticeDetail.do?noticeguid=8a85be3375d5d58901762257cb6622d1,2020-12-02
210,[陕西省本级],陕西省人民政府机关新城管理中心新城大院1、3＃冷站及换热站运维费项目竞争性磋商公告,http://www.ccgp-shaanxi.gov.cn:80/notice/noticeDetail.do?noticeguid=8a85be3375d5d5890176215ce49009a5,2020-12-02
211,[陕西省本级],陕西省人民政府机关新城管理中心省政府大院绿化养护项目竞争性磋商公告,http://www.ccgp-shaanxi.gov.cn:80/notice/noticeDetail.do?noticeguid=8a85be3175d5d4b40176184de7ab3115,2020-12-02
212,[陕西省本级],省政府新城大院保洁竞争性磋商公告,http://www.ccgp-shaanxi.gov.cn:80/notice/noticeDetail.do?noticeguid=8a85be3375d5d5890176219f66d01133,2020-12-02
213,[陕西省本级],陕西省地方金融监管综合服务平台建设及监理项目公开招标公告,http://www.ccgp-shaanxi.gov.cn:80/notice/noticeDetail.do?noticeguid=8a85be3375d5d589017616cfc9cd030e,2020-12-02
214,[陕西省本级],关于陕西省残疾人事业宣传服务采购项目（2次）公开招标公告,http://www.ccgp-shaanxi.gov.cn:80/notice/noticeDetail.do?noticeguid=8a85be3175d5d4b4017620f6e34a74c4,2020-12-02
215,[陕西省本级],陕西省环境调查评估中心构建陕西省秦岭区域尾矿库环境污染防治管理体系（第一阶段）项目—尾矿库调查及布点采样方案编制、样品采集项目公开招标公告,http://www.ccgp-shaanxi.gov.cn:80/notice/noticeDetail.do?noticeguid=8a85be3475d5d52d01761d3b260a3d4b,2020-12-01
216,[陕西省本级],陕西省人事考试中心网络机房基础设施改造工程竞争性磋商公告,http://www.ccgp-shaanxi.gov.cn:80/notice/noticeDetail.do?noticeguid=8a85be3475d5d52d01761d8cbcaa4976,2020-12-01
217,[陕西省本级],陕西省市场监督管理局计量业务综合管理信息平台建设项目（二次）竞争性磋商公告,http://www.ccgp-shaanxi.gov.cn:80/notice/noticeDetail.do?noticeguid=8a85be3475d5d52d01761da8deb64c7e,2020-12-01
218,[陕西省本级],陕西省核与辐射安全监督站辐射环境空气自动监测站升级改造项目公开招标公告,http://www.ccgp-shaanxi.gov.cn:80/notice/noticeDetail.do?noticeguid=8a85be3375d5d58901761dabbf9e7185,2020-12-01
219,[陕西省本级],西安音乐学院教育教学网络课程建设项目公开招标公告,http://www.ccgp-shaanxi.gov.cn:80/notice/noticeDetail.do?noticeguid=8a85be3275d5d5c201761d9b5d77529e,2020-12-01
220,[陕西省本级],陕西省医疗器械质量监督检验院医疗器械检测设备采购项目（第二标段）（二次）公开招标公告,http://www.ccgp-shaanxi.gov.cn:80/notice/noticeDetail.do?noticeguid=8a85be3375d5d58901761d7dc3386a09,2020-12-01
221,[陕西省本级],陕西财经职业技术学院物流管理专业1+X证书试点提升项目公开招标公告,http://www.ccgp-shaanxi.gov.cn:80/notice/noticeDetail.do?noticeguid=8a85be3375d5d58901761d3c589e5dcb,2020-12-01
222,[陕西省本级],陕西省公安厅特勤局2020年度执勤化装服采购项目公开招标公告,http://www.ccgp-shaanxi.gov.cn:80/notice/noticeDetail.do?noticeguid=8a85be3175d5d4b401761c6d85685287,2020-12-01
223,[陕西省本级],陕西省人民政府机关新城管理中心前大楼、高层车库及人大白楼保洁服务采购项目竞争性磋商公告,http://www.ccgp-shaanxi.gov.cn:80/notice/noticeDetail.do?noticeguid=8a85be3275d5d5c201761d6675874a4e,2020-12-01
224,[陕西省本级],第十四届全国运动会组织委员会全国第十一届残运会暨第八届特奥会组织委员会物流服务项目（二次）公开招标公告,http://www.ccgp-shaanxi.gov.cn:80/notice/noticeDetail.do?noticeguid=8a85be3475d5d52d01761d5476b14174,2020-12-01
225,[陕西省本级],新城大院前大楼南道路铺设沥青竞争性磋商公告,http://www.ccgp-shaanxi.gov.cn:80/notice/noticeDetail.do?noticeguid=8a85be3475d5d52d01761c879e6e2e56,2020-12-01
